{
	"credit": "Made with Blockbench",
	"texture_size": [64, 64],
	"textures": {
		"0": "midnightcraft:decor/chairs/dark_oak2",
		"particle": "midnightcraft:decor/chairs/dark_oak2"
	},
	"elements": [
		{
			"name": "world",
			"from": [1, 11, 13],
			"to": [15, 26, 15],
			"rotation": {"angle": 0, "axis": "y", "origin": [7, 11, 6]},
			"faces": {
				"north": {"uv": [12.5, 0, 16, 3.75], "texture": "#0"},
				"east": {"uv": [7, 9.5, 7.5, 13.25], "texture": "#0"},
				"south": {"uv": [3.5, 0, 7, 3.75], "texture": "#0"},
				"west": {"uv": [7.5, 9.5, 8, 13.25], "texture": "#0"},
				"up": {"uv": [10.5, 9.5, 7, 9], "texture": "#0"},
				"down": {"uv": [7, 9.5, 3.5, 10], "texture": "#0"}
			}
		},
		{
			"name": "world",
			"from": [0.75, 9.75, 0.75],
			"to": [15.25, 11.25, 13.25],
			"rotation": {"angle": 0, "axis": "y", "origin": [7, 11, 6]},
			"faces": {
				"north": {"uv": [10, 5, 13.5, 5.25], "texture": "#0"},
				"east": {"uv": [10, 5.5, 13, 5.75], "texture": "#0"},
				"south": {"uv": [10, 5.25, 13.5, 5.5], "texture": "#0"},
				"west": {"uv": [10, 5.75, 13, 6], "texture": "#0"},
				"up": {"uv": [7, 9.5, 3.5, 6.5], "texture": "#0"},
				"down": {"uv": [3.5, 7, 0, 10], "texture": "#0"}
			}
		},
		{
			"name": "world",
			"from": [1, 8, 1],
			"to": [15, 11, 15],
			"rotation": {"angle": 0, "axis": "y", "origin": [7, 11, 6]},
			"faces": {
				"north": {"uv": [7, 6, 10.5, 6.75], "texture": "#0"},
				"east": {"uv": [7, 6.75, 10.5, 7.5], "texture": "#0"},
				"south": {"uv": [7, 7.5, 10.5, 8.25], "texture": "#0"},
				"west": {"uv": [7, 8.25, 10.5, 9], "texture": "#0"},
				"up": {"uv": [3.5, 3.5, 0, 0], "texture": "#0"},
				"down": {"uv": [3.5, 3.5, 0, 7], "texture": "#0"}
			}
		},
		{
			"name": "world",
			"from": [2, 4, 2],
			"to": [14, 6, 2],
			"rotation": {"angle": 0, "axis": "y", "origin": [7, 11, 6]},
			"faces": {
				"north": {"uv": [8, 9.5, 11, 10], "texture": "#0"},
				"east": {"uv": [0, 10, 3, 10.5], "texture": "#0"},
				"south": {"uv": [8, 9.5, 11, 10], "texture": "#0"},
				"west": {"uv": [10, 0.5, 13, 1], "texture": "#0"},
				"up": {"uv": [10, 3, 7, 0], "texture": "#0"},
				"down": {"uv": [10, 3, 7, 6], "texture": "#0"}
			}
		},
		{
			"name": "world",
			"from": [2, 4, 14],
			"to": [14, 6, 14],
			"rotation": {"angle": 0, "axis": "y", "origin": [7, 11, 6]},
			"faces": {
				"north": {"uv": [8, 9.5, 11, 10], "texture": "#0"},
				"east": {"uv": [0, 10, 3, 10.5], "texture": "#0"},
				"south": {"uv": [8, 9.5, 11, 10], "texture": "#0"},
				"west": {"uv": [10, 0.5, 13, 1], "texture": "#0"},
				"up": {"uv": [10, 3, 7, 0], "texture": "#0"},
				"down": {"uv": [10, 3, 7, 6], "texture": "#0"}
			}
		},
		{
			"name": "world",
			"from": [2, 4, 2],
			"to": [2, 6, 14],
			"rotation": {"angle": 0, "axis": "y", "origin": [7, 11, 6]},
			"faces": {
				"north": {"uv": [10, 0.5, 13, 1], "texture": "#0"},
				"east": {"uv": [8, 9.5, 11, 10], "texture": "#0"},
				"south": {"uv": [0, 10, 3, 10.5], "texture": "#0"},
				"west": {"uv": [8, 9.5, 11, 10], "texture": "#0"},
				"up": {"uv": [10, 3, 7, 0], "rotation": 90, "texture": "#0"},
				"down": {"uv": [10, 3, 7, 6], "rotation": 270, "texture": "#0"}
			}
		},
		{
			"name": "world",
			"from": [14, 4, 2],
			"to": [14, 6, 14],
			"rotation": {"angle": 0, "axis": "y", "origin": [7, 11, 6]},
			"faces": {
				"north": {"uv": [10, 0.5, 13, 1], "texture": "#0"},
				"east": {"uv": [8, 9.5, 11, 10], "texture": "#0"},
				"south": {"uv": [0, 10, 3, 10.5], "texture": "#0"},
				"west": {"uv": [8, 9.5, 11, 10], "texture": "#0"},
				"up": {"uv": [10, 3, 7, 0], "rotation": 90, "texture": "#0"},
				"down": {"uv": [10, 3, 7, 6], "rotation": 270, "texture": "#0"}
			}
		},
		{
			"name": "world",
			"from": [1, 0, 13],
			"to": [3, 8, 15],
			"rotation": {"angle": 0, "axis": "y", "origin": [7, 11, 6]},
			"faces": {
				"north": {"uv": [6, 10, 6.5, 12], "texture": "#0"},
				"east": {"uv": [6.5, 10, 7, 12], "texture": "#0"},
				"south": {"uv": [8, 10, 8.5, 12], "texture": "#0"},
				"west": {"uv": [8.5, 10, 9, 12], "texture": "#0"},
				"up": {"uv": [11, 2, 10.5, 1.5], "texture": "#0"},
				"down": {"uv": [2.5, 10.5, 2, 11], "texture": "#0"}
			}
		},
		{
			"name": "world",
			"from": [13, 0, 13],
			"to": [15, 8, 15],
			"rotation": {"angle": 0, "axis": "y", "origin": [7, 11, 6]},
			"faces": {
				"north": {"uv": [6.5, 10, 6, 12], "texture": "#0"},
				"east": {"uv": [9, 10, 8.5, 12], "texture": "#0"},
				"south": {"uv": [8.5, 10, 8, 12], "texture": "#0"},
				"west": {"uv": [7, 10, 6.5, 12], "texture": "#0"},
				"up": {"uv": [10.5, 2, 11, 1.5], "texture": "#0"},
				"down": {"uv": [2, 10.5, 2.5, 11], "texture": "#0"}
			}
		},
		{
			"name": "world",
			"from": [13, 0, 1],
			"to": [15, 8, 3],
			"rotation": {"angle": 0, "axis": "y", "origin": [7, 11, 6]},
			"faces": {
				"north": {"uv": [8, 10, 8.5, 12], "texture": "#0"},
				"east": {"uv": [8.5, 10, 9, 12], "texture": "#0"},
				"south": {"uv": [6, 10, 6.5, 12], "texture": "#0"},
				"west": {"uv": [6.5, 10, 7, 12], "texture": "#0"},
				"up": {"uv": [10.5, 1.5, 11, 2], "texture": "#0"},
				"down": {"uv": [2, 11, 2.5, 10.5], "texture": "#0"}
			}
		},
		{
			"name": "world",
			"from": [1, 0, 1],
			"to": [3, 8, 3],
			"rotation": {"angle": 0, "axis": "y", "origin": [7, 11, 6]},
			"faces": {
				"north": {"uv": [8.5, 10, 8, 12], "texture": "#0"},
				"east": {"uv": [7, 10, 6.5, 12], "texture": "#0"},
				"south": {"uv": [6.5, 10, 6, 12], "texture": "#0"},
				"west": {"uv": [9, 10, 8.5, 12], "texture": "#0"},
				"up": {"uv": [11, 1.5, 10.5, 2], "texture": "#0"},
				"down": {"uv": [2.5, 11, 2, 10.5], "texture": "#0"}
			}
		}
	],
	"display": {
		"firstperson_righthand": {
			"rotation": [-16.5, 45.5, 0],
			"scale": [0.5, 0.5, 0.5]
		},
		"firstperson_lefthand": {
			"rotation": [-16.5, 45.5, 0],
			"scale": [0.5, 0.5, 0.5]
		},
		"gui": {
			"rotation": [-155.7, 44.16, -179.37],
			"translation": [0, -1.75, 0],
			"scale": [0.5, 0.5, 0.5]
		},
		"fixed": {
			"rotation": [-90, 0, 0],
			"translation": [0, 0, -16],
			"scale": [2, 2, 2]
		}
	},
	"groups": [
		{
			"name": "world",
			"origin": [0, 0, 0],
			"color": 0,
			"children": [0, 1, 2, 3, 4, 5, 6, 7, 8, 9, 10]
		}
	]
}