{
	"credit": "Made with Blockbench",
	"textures": {
		"0": "builder:decor/christmas/tree/lights",
		"particle": "builder:decor/christmas/tree/lights"
	},
	"elements": [
		{
			"from": [0, 0, 8],
			"to": [16, 16, 8],
			"faces": {
				"north": {"uv": [0, 0, 16, 16], "texture": "#0"},
				"east": {"uv": [0, 0, 0, 16], "texture": "#missing"},
				"south": {"uv": [0, 0, 16, 16], "texture": "#0"},
				"west": {"uv": [0, 0, 0, 16], "texture": "#missing"},
				"up": {"uv": [0, 0, 16, 0], "texture": "#missing"},
				"down": {"uv": [0, 0, 16, 0], "texture": "#missing"}
			}
		}
	],
	"display": {
		"gui": {
			"rotation": [33.5, -40.25, 0],
			"translation": [0, -1.5, 0],
			"scale": [1.3, 1.3, 1.3]
		},
		"fixed": {
			"translation": [0, 0, -0.1],
			"scale": [2, 2, 2]
		}
	}
}