{
	"credit": "Made with Blockbench",
	"textures": {
		"1": "base_woverlay",
		"particle": "midnightcraft:minigame_statues/survival_games"
	},
	"elements": [
		{
			"name": "head",
			"from": [4, 23, 4],
			"to": [12, 31, 12],
			"rotation": {"angle": 0, "axis": "z", "origin": [8, 24, 8]},
			"faces": {
				"north": {"uv": [2, 2, 4, 4], "texture": "#1"},
				"east": {"uv": [0, 2, 2, 4], "texture": "#1"},
				"south": {"uv": [6, 2, 8, 4], "texture": "#1"},
				"west": {"uv": [4, 2, 6, 4], "texture": "#1"},
				"up": {"uv": [4, 2, 2, 0], "texture": "#1"},
				"down": {"uv": [6, 0, 4, 2], "texture": "#1"}
			}
		},
		{
			"name": "head",
			"from": [3.5, 22.5, 3.5],
			"to": [12.5, 22.5, 12.5],
			"rotation": {"angle": 0, "axis": "z", "origin": [8, 24, 8]},
			"faces": {
				"north": {"uv": [10, 2, 12, 4], "texture": "#1"},
				"east": {"uv": [8, 2, 10, 4], "texture": "#1"},
				"south": {"uv": [14, 2, 16, 4], "texture": "#1"},
				"west": {"uv": [12, 2, 14, 4], "texture": "#1"},
				"up": {"uv": [14, 2, 12, 0], "texture": "#1"},
				"down": {"uv": [14, 0, 12, 2], "texture": "#1"}
			}
		},
		{
			"name": "head",
			"from": [3.5, 22.5, 12.5],
			"to": [12.5, 31.5, 12.5],
			"rotation": {"angle": 0, "axis": "z", "origin": [8, 24, 8]},
			"faces": {
				"north": {"uv": [14, 2, 16, 4], "texture": "#1"},
				"east": {"uv": [8, 2, 10, 4], "texture": "#1"},
				"south": {"uv": [14, 2, 16, 4], "texture": "#1"},
				"west": {"uv": [12, 2, 14, 4], "texture": "#1"},
				"up": {"uv": [12, 2, 10, 0], "texture": "#1"},
				"down": {"uv": [14, 0, 12, 2], "texture": "#1"}
			}
		},
		{
			"name": "head",
			"from": [3.5, 31.5, 3.5],
			"to": [12.5, 31.5, 12.5],
			"rotation": {"angle": 0, "axis": "z", "origin": [8, 24, 8]},
			"faces": {
				"north": {"uv": [10, 2, 12, 4], "texture": "#1"},
				"east": {"uv": [8, 2, 10, 4], "texture": "#1"},
				"south": {"uv": [14, 2, 16, 4], "texture": "#1"},
				"west": {"uv": [12, 2, 14, 4], "texture": "#1"},
				"up": {"uv": [12, 2, 10, 0], "texture": "#1"},
				"down": {"uv": [12, 0, 10, 2], "texture": "#1"}
			}
		},
		{
			"name": "head",
			"from": [3.5, 22.5, 3.5],
			"to": [3.5, 31.5, 12.5],
			"rotation": {"angle": 0, "axis": "z", "origin": [8, 24, 8]},
			"faces": {
				"north": {"uv": [10, 2, 12, 4], "texture": "#1"},
				"east": {"uv": [14, 2, 12, 4], "texture": "#1"},
				"south": {"uv": [14, 2, 16, 4], "texture": "#1"},
				"west": {"uv": [12, 2, 14, 4], "texture": "#1"},
				"up": {"uv": [12, 2, 10, 0], "texture": "#1"},
				"down": {"uv": [14, 0, 12, 2], "texture": "#1"}
			}
		},
		{
			"name": "head",
			"from": [12.5, 22.5, 3.5],
			"to": [12.5, 31.5, 12.5],
			"rotation": {"angle": 0, "axis": "z", "origin": [8, 24, 8]},
			"faces": {
				"north": {"uv": [10, 2, 12, 4], "texture": "#1"},
				"east": {"uv": [8, 2, 10, 4], "texture": "#1"},
				"south": {"uv": [14, 2, 16, 4], "texture": "#1"},
				"west": {"uv": [10, 2, 8, 4], "texture": "#1"},
				"up": {"uv": [12, 2, 10, 0], "texture": "#1"},
				"down": {"uv": [14, 0, 12, 2], "texture": "#1"}
			}
		},
		{
			"name": "head",
			"from": [3.5, 22.5, 3.5],
			"to": [12.5, 31.5, 3.5],
			"rotation": {"angle": 0, "axis": "z", "origin": [8, 24, 8]},
			"faces": {
				"north": {"uv": [10, 2, 12, 4], "texture": "#1"},
				"east": {"uv": [8, 2, 10, 4], "texture": "#1"},
				"south": {"uv": [12, 2, 10, 4], "texture": "#1"},
				"west": {"uv": [12, 2, 14, 4], "texture": "#1"},
				"up": {"uv": [12, 2, 10, 0], "texture": "#1"},
				"down": {"uv": [14, 0, 12, 2], "texture": "#1"}
			}
		},
		{
			"name": "right_arm",
			"from": [12, 11, 6],
			"to": [16, 23, 10],
			"rotation": {"angle": 0, "axis": "y", "origin": [13, 21, 8]},
			"faces": {
				"north": {"uv": [11, 5, 12, 8], "texture": "#1"},
				"east": {"uv": [10, 5, 11, 8], "texture": "#1"},
				"south": {"uv": [13, 5, 14, 8], "texture": "#1"},
				"west": {"uv": [12, 5, 13, 8], "texture": "#1"},
				"up": {"uv": [11, 4, 12, 5], "texture": "#1"},
				"down": {"uv": [12, 4, 13, 5], "texture": "#1"}
			}
		},
		{
			"name": "right_arm",
			"from": [11.75, 10.75, 10.25],
			"to": [16.25, 23.25, 10.25],
			"rotation": {"angle": 0, "axis": "y", "origin": [13, 21, 8]},
			"faces": {
				"north": {"uv": [14, 9, 13, 12], "texture": "#1"},
				"east": {"uv": [10, 9, 11, 12], "texture": "#1"},
				"south": {"uv": [13, 9, 14, 12], "texture": "#1"},
				"west": {"uv": [12, 9, 13, 12], "texture": "#1"},
				"up": {"uv": [11, 8, 12, 9], "texture": "#1"},
				"down": {"uv": [12, 8, 13, 9], "texture": "#1"}
			}
		},
		{
			"name": "right_arm",
			"from": [11.75, 10.75, 5.75],
			"to": [11.75, 23.25, 10.25],
			"rotation": {"angle": 0, "axis": "y", "origin": [13, 21, 8]},
			"faces": {
				"north": {"uv": [11, 9, 12, 12], "texture": "#1"},
				"east": {"uv": [13, 9, 12, 12], "texture": "#1"},
				"south": {"uv": [13, 9, 14, 12], "texture": "#1"},
				"west": {"uv": [12, 9, 13, 12], "texture": "#1"},
				"up": {"uv": [11, 8, 12, 9], "texture": "#1"},
				"down": {"uv": [12, 8, 13, 9], "texture": "#1"}
			}
		},
		{
			"name": "right_arm",
			"from": [11.75, 10.75, 5.75],
			"to": [16.25, 10.75, 10.25],
			"rotation": {"angle": 0, "axis": "y", "origin": [13, 21, 8]},
			"faces": {
				"north": {"uv": [11, 9, 12, 12], "texture": "#1"},
				"east": {"uv": [10, 9, 11, 12], "texture": "#1"},
				"south": {"uv": [13, 9, 14, 12], "texture": "#1"},
				"west": {"uv": [12, 9, 13, 12], "texture": "#1"},
				"up": {"uv": [13, 8, 12, 9], "texture": "#1"},
				"down": {"uv": [12, 8, 13, 9], "texture": "#1"}
			}
		},
		{
			"name": "right_arm",
			"from": [11.75, 23.25, 5.75],
			"to": [16.25, 23.25, 10.25],
			"rotation": {"angle": 0, "axis": "y", "origin": [13, 21, 8]},
			"faces": {
				"north": {"uv": [11, 9, 12, 12], "texture": "#1"},
				"east": {"uv": [10, 9, 11, 12], "texture": "#1"},
				"south": {"uv": [13, 9, 14, 12], "texture": "#1"},
				"west": {"uv": [12, 9, 13, 12], "texture": "#1"},
				"up": {"uv": [11, 8, 12, 9], "texture": "#1"},
				"down": {"uv": [12, 8, 11, 9], "texture": "#1"}
			}
		},
		{
			"name": "right_arm",
			"from": [11.75, 10.75, 5.75],
			"to": [16.25, 23.25, 5.75],
			"rotation": {"angle": 0, "axis": "y", "origin": [13, 21, 8]},
			"faces": {
				"north": {"uv": [11, 9, 12, 12], "texture": "#1"},
				"east": {"uv": [10, 9, 11, 12], "texture": "#1"},
				"south": {"uv": [12, 9, 11, 12], "texture": "#1"},
				"west": {"uv": [12, 9, 13, 12], "texture": "#1"},
				"up": {"uv": [11, 8, 12, 9], "texture": "#1"},
				"down": {"uv": [12, 8, 13, 9], "texture": "#1"}
			}
		},
		{
			"name": "right_arm",
			"from": [16.25, 10.75, 5.75],
			"to": [16.25, 23.25, 10.25],
			"rotation": {"angle": 0, "axis": "y", "origin": [13, 21, 8]},
			"faces": {
				"north": {"uv": [11, 9, 12, 12], "texture": "#1"},
				"east": {"uv": [10, 9, 11, 12], "texture": "#1"},
				"south": {"uv": [13, 9, 14, 12], "texture": "#1"},
				"west": {"uv": [11, 9, 10, 12], "texture": "#1"},
				"up": {"uv": [11, 8, 12, 9], "texture": "#1"},
				"down": {"uv": [12, 8, 13, 9], "texture": "#1"}
			}
		},
		{
			"name": "body",
			"from": [4, 11, 6],
			"to": [12, 23, 10],
			"faces": {
				"north": {"uv": [5, 5, 7, 8], "texture": "#1"},
				"east": {"uv": [4, 5, 5, 8], "texture": "#1"},
				"south": {"uv": [8, 5, 10, 8], "texture": "#1"},
				"west": {"uv": [7, 5, 8, 8], "texture": "#1"},
				"up": {"uv": [5, 4, 7, 5], "texture": "#1"},
				"down": {"uv": [7, 4, 9, 5], "texture": "#1"}
			}
		},
		{
			"name": "body",
			"from": [3.75, 10.75, 5.75],
			"to": [12.25, 10.75, 10.25],
			"faces": {
				"north": {"uv": [5, 9, 7, 12], "texture": "#1"},
				"east": {"uv": [4, 9, 5, 12], "texture": "#1"},
				"south": {"uv": [8, 9, 10, 12], "texture": "#1"},
				"west": {"uv": [7, 9, 8, 12], "texture": "#1"},
				"up": {"uv": [9, 8, 7, 9], "texture": "#1"},
				"down": {"uv": [7, 8, 9, 9], "texture": "#1"}
			}
		},
		{
			"name": "body",
			"from": [3.75, 23.25, 5.75],
			"to": [12.25, 23.25, 10.25],
			"faces": {
				"north": {"uv": [5, 9, 7, 12], "texture": "#1"},
				"east": {"uv": [4, 9, 5, 12], "texture": "#1"},
				"south": {"uv": [8, 9, 10, 12], "texture": "#1"},
				"west": {"uv": [7, 9, 8, 12], "texture": "#1"},
				"up": {"uv": [5, 8, 7, 9], "texture": "#1"},
				"down": {"uv": [7, 8, 5, 9], "texture": "#1"}
			}
		},
		{
			"name": "body",
			"from": [3.75, 10.75, 10.25],
			"to": [12.25, 23.25, 10.25],
			"faces": {
				"north": {"uv": [10, 9, 8, 12], "texture": "#1"},
				"east": {"uv": [4, 9, 5, 12], "texture": "#1"},
				"south": {"uv": [8, 9, 10, 12], "texture": "#1"},
				"west": {"uv": [7, 9, 8, 12], "texture": "#1"},
				"up": {"uv": [5, 8, 7, 9], "texture": "#1"},
				"down": {"uv": [7, 8, 9, 9], "texture": "#1"}
			}
		},
		{
			"name": "body",
			"from": [3.75, 10.75, 5.75],
			"to": [3.75, 23.25, 10.25],
			"faces": {
				"north": {"uv": [5, 9, 7, 12], "texture": "#1"},
				"east": {"uv": [8, 9, 7, 12], "texture": "#1"},
				"south": {"uv": [8, 9, 10, 12], "texture": "#1"},
				"west": {"uv": [7, 9, 8, 12], "texture": "#1"},
				"up": {"uv": [5, 8, 7, 9], "texture": "#1"},
				"down": {"uv": [7, 8, 9, 9], "texture": "#1"}
			}
		},
		{
			"name": "body",
			"from": [12.25, 10.75, 5.75],
			"to": [12.25, 23.25, 10.25],
			"faces": {
				"north": {"uv": [5, 9, 7, 12], "texture": "#1"},
				"east": {"uv": [4, 9, 5, 12], "texture": "#1"},
				"south": {"uv": [8, 9, 10, 12], "texture": "#1"},
				"west": {"uv": [5, 9, 4, 12], "texture": "#1"},
				"up": {"uv": [5, 8, 7, 9], "texture": "#1"},
				"down": {"uv": [7, 8, 9, 9], "texture": "#1"}
			}
		},
		{
			"name": "body",
			"from": [3.75, 10.75, 5.75],
			"to": [12.25, 23.25, 5.75],
			"faces": {
				"north": {"uv": [5, 9, 7, 12], "texture": "#1"},
				"east": {"uv": [4, 9, 5, 12], "texture": "#1"},
				"south": {"uv": [7, 9, 5, 12], "texture": "#1"},
				"west": {"uv": [7, 9, 8, 12], "texture": "#1"},
				"up": {"uv": [5, 8, 7, 9], "texture": "#1"},
				"down": {"uv": [7, 8, 9, 9], "texture": "#1"}
			}
		}
	],
	"groups": [
		{
			"name": "head",
			"origin": [0, 24, 0],
			"rotation": [-7.5, 5, 0],
			"color": 0,
			"children": [
				0,
				{
					"name": "headwear",
					"origin": [0, 24, 0],
					"color": 0,
					"children": [1, 2, 3, 4, 5, 6]
				}
			]
		},
		{
			"name": "right_arm",
			"origin": [8, 22, 0],
			"rotation": [5, 0, 7.5],
			"color": 0,
			"children": [7, 8, 9, 10, 11, 12, 13]
		},
		{
			"name": "body",
			"origin": [0, 24, 0],
			"color": 0,
			"children": [
				14,
				{
					"name": "Body_Overlay",
					"origin": [0, 0, 0],
					"color": 0,
					"children": [15, 16, 17, 18, 19, 20]
				}
			]
		}
	]
}