{
	"credit": "Made with Blockbench",
	"texture_size": [64, 64],
	"textures": {
		"2": "midnightcraft:minigame_statues/sg/sword",
		"3": "midnightcraft:minigame_statues/sg/zo_base",
		"particle": "midnightcraft:minigame_statues/sg/survival_games"
	},
	"elements": [
		{
			"name": "head",
			"from": [5.5, 10, 3],
			"to": [13.5, 18, 11],
			"rotation": {"angle": 22.5, "axis": "y", "origin": [9, 10, 8]},
			"faces": {
				"north": {"uv": [2, 2, 4, 4], "texture": "#particle"},
				"east": {"uv": [0, 2, 2, 4], "texture": "#particle"},
				"south": {"uv": [6, 2, 8, 4], "texture": "#particle"},
				"west": {"uv": [4, 2, 6, 4], "texture": "#particle"},
				"up": {"uv": [4, 2, 2, 0], "texture": "#particle"},
				"down": {"uv": [6, 0, 4, 2], "texture": "#particle"}
			}
		},
		{
			"name": "headwear",
			"from": [5, 9.5, 2.5],
			"to": [14, 18.5, 11.5],
			"rotation": {"angle": 22.5, "axis": "y", "origin": [9, 10, 8]},
			"faces": {
				"north": {"uv": [10, 2, 12, 4], "texture": "#particle"},
				"east": {"uv": [8, 2, 10, 4], "texture": "#particle"},
				"south": {"uv": [14, 2, 16, 4], "texture": "#particle"},
				"west": {"uv": [12, 2, 14, 4], "texture": "#particle"},
				"up": {"uv": [12, 2, 10, 0], "texture": "#particle"},
				"down": {"uv": [14, 0, 12, 2], "texture": "#particle"}
			}
		},
		{
			"name": "head",
			"from": [7.12132, -13.3, -2.13604],
			"to": [15.12132, -5.3, 5.86396],
			"rotation": {"angle": -22.5, "axis": "y", "origin": [12, -14, 2]},
			"faces": {
				"north": {"uv": [0, 2, 2, 4], "texture": "#3"},
				"east": {"uv": [6, 2, 8, 4], "texture": "#3"},
				"south": {"uv": [4, 2, 6, 4], "texture": "#3"},
				"west": {"uv": [2, 2, 4, 4], "texture": "#3"},
				"up": {"uv": [4, 2, 2, 0], "rotation": 270, "texture": "#3"},
				"down": {"uv": [6, 0, 4, 2], "rotation": 90, "texture": "#3"}
			}
		},
		{
			"name": "headwear",
			"from": [6.62132, -13.8, -2.63604],
			"to": [15.62132, -4.8, 6.36396],
			"rotation": {"angle": -22.5, "axis": "y", "origin": [12, -14, 2]},
			"faces": {
				"north": {"uv": [8, 2, 10, 4], "texture": "#3"},
				"east": {"uv": [14, 2, 16, 4], "texture": "#3"},
				"south": {"uv": [12, 2, 14, 4], "texture": "#3"},
				"west": {"uv": [10, 2, 12, 4], "texture": "#3"},
				"up": {"uv": [12, 2, 10, 0], "rotation": 270, "texture": "#3"},
				"down": {"uv": [14, 0, 12, 2], "rotation": 90, "texture": "#3"}
			}
		},
		{
			"name": "body",
			"from": [5, -2, 5],
			"to": [13, 10, 9],
			"rotation": {"angle": 0, "axis": "y", "origin": [0, -13, 0]},
			"faces": {
				"north": {"uv": [5, 5, 7, 8], "texture": "#particle"},
				"east": {"uv": [4, 5, 5, 8], "texture": "#particle"},
				"south": {"uv": [8, 5, 10, 8], "texture": "#particle"},
				"west": {"uv": [7, 5, 8, 8], "texture": "#particle"},
				"up": {"uv": [7, 5, 5, 4], "texture": "#particle"},
				"down": {"uv": [9, 4, 7, 5], "texture": "#particle"}
			}
		},
		{
			"name": "jacket",
			"from": [4.75, -2.25, 4.75],
			"to": [13.25, 10.25, 9.25],
			"rotation": {"angle": 0, "axis": "y", "origin": [0, -13, 0]},
			"faces": {
				"north": {"uv": [5, 9, 7, 12], "texture": "#particle"},
				"east": {"uv": [4, 9, 5, 12], "texture": "#particle"},
				"south": {"uv": [8, 9, 10, 12], "texture": "#particle"},
				"west": {"uv": [7, 9, 8, 12], "texture": "#particle"},
				"up": {"uv": [7, 9, 5, 8], "texture": "#particle"},
				"down": {"uv": [9, 8, 7, 9], "texture": "#particle"}
			}
		},
		{
			"name": "left_arm",
			"from": [2, -2, 4.9],
			"to": [6, 10, 8.9],
			"rotation": {"angle": -22.5, "axis": "z", "origin": [5, 8, 7]},
			"faces": {
				"north": {"uv": [9, 13, 10, 16], "texture": "#particle"},
				"east": {"uv": [8, 13, 9, 16], "texture": "#particle"},
				"south": {"uv": [11, 13, 12, 16], "texture": "#particle"},
				"west": {"uv": [10, 13, 11, 16], "texture": "#particle"},
				"up": {"uv": [10, 13, 9, 12], "texture": "#particle"},
				"down": {"uv": [11, 12, 10, 13], "texture": "#particle"}
			}
		},
		{
			"name": "left_sleve",
			"from": [1.75, -2.25, 4.65],
			"to": [6.25, 10.25, 9.15],
			"rotation": {"angle": -22.5, "axis": "z", "origin": [5, 8, 7]},
			"faces": {
				"north": {"uv": [13, 13, 14, 16], "texture": "#particle"},
				"east": {"uv": [12, 13, 13, 16], "texture": "#particle"},
				"south": {"uv": [15, 13, 16, 16], "texture": "#particle"},
				"west": {"uv": [14, 13, 15, 16], "texture": "#particle"},
				"up": {"uv": [14, 13, 13, 12], "texture": "#particle"},
				"down": {"uv": [15, 12, 14, 13], "texture": "#particle"}
			}
		},
		{
			"name": "right_arm",
			"from": [13, 6, -4],
			"to": [17, 10, 8],
			"rotation": {"angle": -22.5, "axis": "x", "origin": [13, 9, 7]},
			"faces": {
				"north": {"uv": [13, 4, 12, 5], "rotation": 180, "texture": "#particle"},
				"east": {"uv": [10, 5, 11, 8], "rotation": 270, "texture": "#particle"},
				"south": {"uv": [12, 5, 11, 4], "texture": "#particle"},
				"west": {"uv": [12, 5, 13, 8], "rotation": 90, "texture": "#particle"},
				"up": {"uv": [11, 5, 12, 8], "rotation": 180, "texture": "#particle"},
				"down": {"uv": [13, 5, 14, 8], "texture": "#particle"}
			}
		},
		{
			"name": "right_sleve",
			"from": [12.75, 5.75, -4.25],
			"to": [17.25, 10.25, 8.25],
			"rotation": {"angle": -22.5, "axis": "x", "origin": [13, 9, 7]},
			"faces": {
				"north": {"uv": [13, 8, 12, 9], "rotation": 180, "texture": "#particle"},
				"east": {"uv": [10, 9, 11, 12], "rotation": 270, "texture": "#particle"},
				"south": {"uv": [12, 9, 11, 8], "texture": "#particle"},
				"west": {"uv": [12, 9, 13, 12], "rotation": 90, "texture": "#particle"},
				"up": {"uv": [11, 9, 12, 12], "rotation": 180, "texture": "#particle"},
				"down": {"uv": [13, 9, 14, 12], "texture": "#particle"}
			}
		},
		{
			"name": "left_leg",
			"from": [4.9, -13.2, 5.2],
			"to": [8.9, -1.2, 9.2],
			"rotation": {"angle": -22.5, "axis": "x", "origin": [7, -2, 7]},
			"faces": {
				"north": {"uv": [5, 13, 6, 16], "texture": "#particle"},
				"east": {"uv": [4, 13, 5, 16], "texture": "#particle"},
				"south": {"uv": [7, 13, 8, 16], "texture": "#particle"},
				"west": {"uv": [6, 13, 7, 16], "texture": "#particle"},
				"up": {"uv": [6, 13, 5, 12], "texture": "#particle"},
				"down": {"uv": [7, 12, 6, 13], "texture": "#particle"}
			}
		},
		{
			"name": "left_pants",
			"from": [4.65, -13.45, 4.95],
			"to": [9.15, -0.95, 9.45],
			"rotation": {"angle": -22.5, "axis": "x", "origin": [7, -2, 7]},
			"faces": {
				"north": {"uv": [1, 13, 2, 16], "texture": "#particle"},
				"east": {"uv": [0, 13, 1, 16], "texture": "#particle"},
				"south": {"uv": [3, 13, 4, 16], "texture": "#particle"},
				"west": {"uv": [2, 13, 3, 16], "texture": "#particle"},
				"up": {"uv": [2, 13, 1, 12], "texture": "#particle"},
				"down": {"uv": [3, 12, 2, 13], "texture": "#particle"}
			}
		},
		{
			"name": "right_leg",
			"from": [8.9, -8, 1.4],
			"to": [12.9, 4, 5.4],
			"rotation": {"angle": 22.5, "axis": "x", "origin": [11, -2, 6]},
			"faces": {
				"north": {"uv": [1, 5, 2, 8], "texture": "#particle"},
				"east": {"uv": [0, 5, 1, 8], "texture": "#particle"},
				"south": {"uv": [3, 5, 4, 8], "texture": "#particle"},
				"west": {"uv": [2, 5, 3, 8], "texture": "#particle"},
				"up": {"uv": [2, 5, 1, 4], "texture": "#particle"},
				"down": {"uv": [3, 4, 2, 5], "texture": "#particle"}
			}
		},
		{
			"name": "right_pants",
			"from": [8.65, -8.25, 1.15],
			"to": [13.15, 4.25, 5.65],
			"rotation": {"angle": 22.5, "axis": "x", "origin": [11, -2, 6]},
			"faces": {
				"north": {"uv": [1, 9, 2, 12], "texture": "#particle"},
				"east": {"uv": [0, 9, 1, 12], "texture": "#particle"},
				"south": {"uv": [3, 9, 4, 12], "texture": "#particle"},
				"west": {"uv": [2, 9, 3, 12], "texture": "#particle"},
				"up": {"uv": [2, 9, 1, 8], "texture": "#particle"},
				"down": {"uv": [3, 8, 2, 9], "texture": "#particle"}
			}
		},
		{
			"name": "sword_0",
			"from": [15, 14, -16],
			"to": [16, 17, -13],
			"rotation": {"angle": 22.5, "axis": "x", "origin": [0, 0, 0]},
			"faces": {
				"north": {"uv": [16, 0, 13, 1], "rotation": 90, "texture": "#2"},
				"east": {"uv": [13, 3, 16, 0], "rotation": 270, "texture": "#2"},
				"south": {"uv": [13, 2, 16, 3], "rotation": 270, "texture": "#2"},
				"west": {"uv": [13, 0, 16, 3], "rotation": 270, "texture": "#2"},
				"up": {"uv": [15, 0, 16, 3], "texture": "#2"},
				"down": {"uv": [13, 0, 14, 3], "rotation": 180, "texture": "#2"}
			}
		},
		{
			"name": "sword_1",
			"from": [15, 13, -15],
			"to": [16, 14, -10],
			"rotation": {"angle": 22.5, "axis": "x", "origin": [0, 0, 0]},
			"faces": {
				"north": {"uv": [13, 1, 12, 2], "rotation": 90, "texture": "#2"},
				"east": {"uv": [12, 6, 13, 1], "rotation": 270, "texture": "#2"},
				"south": {"uv": [12, 5, 13, 6], "rotation": 270, "texture": "#2"},
				"west": {"uv": [12, 1, 13, 6], "rotation": 270, "texture": "#2"},
				"up": {"uv": [12, 1, 13, 6], "texture": "#2"},
				"down": {"uv": [12, 1, 13, 6], "rotation": 180, "texture": "#2"}
			}
		},
		{
			"name": "sword_2",
			"from": [15, 12, -14],
			"to": [16, 13, -9],
			"rotation": {"angle": 22.5, "axis": "x", "origin": [0, 0, 0]},
			"faces": {
				"north": {"uv": [12, 2, 11, 3], "rotation": 90, "texture": "#2"},
				"east": {"uv": [11, 7, 12, 2], "rotation": 270, "texture": "#2"},
				"south": {"uv": [11, 6, 12, 7], "rotation": 270, "texture": "#2"},
				"west": {"uv": [11, 2, 12, 7], "rotation": 270, "texture": "#2"},
				"up": {"uv": [11, 2, 12, 7], "texture": "#2"},
				"down": {"uv": [11, 2, 12, 7], "rotation": 180, "texture": "#2"}
			}
		},
		{
			"name": "sword_3",
			"from": [15, 11, -13],
			"to": [16, 12, -8],
			"rotation": {"angle": 22.5, "axis": "x", "origin": [0, 0, 0]},
			"faces": {
				"north": {"uv": [11, 3, 10, 4], "rotation": 90, "texture": "#2"},
				"east": {"uv": [10, 8, 11, 3], "rotation": 270, "texture": "#2"},
				"south": {"uv": [10, 7, 11, 8], "rotation": 270, "texture": "#2"},
				"west": {"uv": [10, 3, 11, 8], "rotation": 270, "texture": "#2"},
				"up": {"uv": [10, 3, 11, 8], "texture": "#2"},
				"down": {"uv": [10, 3, 11, 8], "rotation": 180, "texture": "#2"}
			}
		},
		{
			"name": "sword_4",
			"from": [15, 14, -13],
			"to": [16, 16, -12],
			"rotation": {"angle": 22.5, "axis": "x", "origin": [0, 0, 0]},
			"faces": {
				"north": {"uv": [15, 3, 13, 4], "rotation": 90, "texture": "#2"},
				"east": {"uv": [13, 4, 15, 3], "rotation": 270, "texture": "#2"},
				"south": {"uv": [13, 3, 15, 4], "rotation": 270, "texture": "#2"},
				"west": {"uv": [13, 3, 15, 4], "rotation": 270, "texture": "#2"},
				"up": {"uv": [14, 3, 15, 4], "texture": "#2"},
				"down": {"uv": [13, 3, 14, 4], "rotation": 180, "texture": "#2"}
			}
		},
		{
			"name": "sword_5",
			"from": [15, 10, -12],
			"to": [16, 11, -7],
			"rotation": {"angle": 22.5, "axis": "x", "origin": [0, 0, 0]},
			"faces": {
				"north": {"uv": [10, 4, 9, 5], "rotation": 90, "texture": "#2"},
				"east": {"uv": [9, 9, 10, 4], "rotation": 270, "texture": "#2"},
				"south": {"uv": [9, 8, 10, 9], "rotation": 270, "texture": "#2"},
				"west": {"uv": [9, 4, 10, 9], "rotation": 270, "texture": "#2"},
				"up": {"uv": [9, 4, 10, 9], "texture": "#2"},
				"down": {"uv": [9, 4, 10, 9], "rotation": 180, "texture": "#2"}
			}
		},
		{
			"name": "sword_6",
			"from": [15, 14, -12],
			"to": [16, 15, -11],
			"rotation": {"angle": 22.5, "axis": "x", "origin": [0, 0, 0]},
			"faces": {
				"north": {"uv": [14, 4, 13, 5], "rotation": 90, "texture": "#2"},
				"east": {"uv": [13, 5, 14, 4], "rotation": 270, "texture": "#2"},
				"south": {"uv": [13, 4, 14, 5], "rotation": 270, "texture": "#2"},
				"west": {"uv": [13, 4, 14, 5], "rotation": 270, "texture": "#2"},
				"up": {"uv": [13, 4, 14, 5], "texture": "#2"},
				"down": {"uv": [13, 4, 14, 5], "rotation": 180, "texture": "#2"}
			}
		},
		{
			"name": "sword_7",
			"from": [15, 9, -11],
			"to": [16, 10, -6],
			"rotation": {"angle": 22.5, "axis": "x", "origin": [0, 0, 0]},
			"faces": {
				"north": {"uv": [9, 5, 8, 6], "rotation": 90, "texture": "#2"},
				"east": {"uv": [8, 10, 9, 5], "rotation": 270, "texture": "#2"},
				"south": {"uv": [8, 9, 9, 10], "rotation": 270, "texture": "#2"},
				"west": {"uv": [8, 5, 9, 10], "rotation": 270, "texture": "#2"},
				"up": {"uv": [8, 5, 9, 10], "texture": "#2"},
				"down": {"uv": [8, 5, 9, 10], "rotation": 180, "texture": "#2"}
			}
		},
		{
			"name": "sword_8",
			"from": [15, 8, -10],
			"to": [16, 9, -5],
			"rotation": {"angle": 22.5, "axis": "x", "origin": [0, 0, 0]},
			"faces": {
				"north": {"uv": [8, 6, 7, 7], "rotation": 90, "texture": "#2"},
				"east": {"uv": [7, 11, 8, 6], "rotation": 270, "texture": "#2"},
				"south": {"uv": [7, 10, 8, 11], "rotation": 270, "texture": "#2"},
				"west": {"uv": [7, 6, 8, 11], "rotation": 270, "texture": "#2"},
				"up": {"uv": [7, 6, 8, 11], "texture": "#2"},
				"down": {"uv": [7, 6, 8, 11], "rotation": 180, "texture": "#2"}
			}
		},
		{
			"name": "sword_9",
			"from": [15, 4, -9],
			"to": [16, 5, -2],
			"rotation": {"angle": 22.5, "axis": "x", "origin": [0, 0, 0]},
			"faces": {
				"north": {"uv": [4, 7, 3, 8], "rotation": 90, "texture": "#2"},
				"east": {"uv": [3, 14, 4, 7], "rotation": 270, "texture": "#2"},
				"south": {"uv": [3, 13, 4, 14], "rotation": 270, "texture": "#2"},
				"west": {"uv": [3, 7, 4, 14], "rotation": 270, "texture": "#2"},
				"up": {"uv": [3, 7, 4, 14], "texture": "#2"},
				"down": {"uv": [3, 7, 4, 14], "rotation": 180, "texture": "#2"}
			}
		},
		{
			"name": "sword_10",
			"from": [15, 7, -9],
			"to": [16, 8, -2],
			"rotation": {"angle": 22.5, "axis": "x", "origin": [0, 0, 0]},
			"faces": {
				"north": {"uv": [7, 7, 6, 8], "rotation": 90, "texture": "#2"},
				"east": {"uv": [6, 14, 7, 7], "rotation": 270, "texture": "#2"},
				"south": {"uv": [6, 13, 7, 14], "rotation": 270, "texture": "#2"},
				"west": {"uv": [6, 7, 7, 14], "rotation": 270, "texture": "#2"},
				"up": {"uv": [6, 7, 7, 14], "texture": "#2"},
				"down": {"uv": [6, 7, 7, 14], "rotation": 180, "texture": "#2"}
			}
		},
		{
			"name": "sword_11",
			"from": [15, 3, -8],
			"to": [16, 4, -6],
			"rotation": {"angle": 22.5, "axis": "x", "origin": [0, 0, 0]},
			"faces": {
				"north": {"uv": [3, 8, 2, 9], "rotation": 90, "texture": "#2"},
				"east": {"uv": [2, 10, 3, 8], "rotation": 270, "texture": "#2"},
				"south": {"uv": [2, 9, 3, 10], "rotation": 270, "texture": "#2"},
				"west": {"uv": [2, 8, 3, 10], "rotation": 270, "texture": "#2"},
				"up": {"uv": [2, 8, 3, 10], "texture": "#2"},
				"down": {"uv": [2, 8, 3, 10], "rotation": 180, "texture": "#2"}
			}
		},
		{
			"name": "sword_12",
			"from": [15, 6, -8],
			"to": [16, 7, -3],
			"rotation": {"angle": 22.5, "axis": "x", "origin": [0, 0, 0]},
			"faces": {
				"north": {"uv": [6, 8, 5, 9], "rotation": 90, "texture": "#2"},
				"east": {"uv": [5, 13, 6, 8], "rotation": 270, "texture": "#2"},
				"south": {"uv": [5, 12, 6, 13], "rotation": 270, "texture": "#2"},
				"west": {"uv": [5, 8, 6, 13], "rotation": 270, "texture": "#2"},
				"up": {"uv": [5, 8, 6, 13], "texture": "#2"},
				"down": {"uv": [5, 8, 6, 13], "rotation": 180, "texture": "#2"}
			}
		},
		{
			"name": "sword_13",
			"from": [15, 5, -7],
			"to": [16, 6, -3],
			"rotation": {"angle": 22.5, "axis": "x", "origin": [0, 0, 0]},
			"faces": {
				"north": {"uv": [5, 9, 4, 10], "rotation": 90, "texture": "#2"},
				"east": {"uv": [4, 13, 5, 9], "rotation": 270, "texture": "#2"},
				"south": {"uv": [4, 12, 5, 13], "rotation": 270, "texture": "#2"},
				"west": {"uv": [4, 9, 5, 13], "rotation": 270, "texture": "#2"},
				"up": {"uv": [4, 9, 5, 13], "texture": "#2"},
				"down": {"uv": [4, 9, 5, 13], "rotation": 180, "texture": "#2"}
			}
		},
		{
			"name": "sword_14",
			"from": [15, 3, -4],
			"to": [16, 4, -1],
			"rotation": {"angle": 22.5, "axis": "x", "origin": [0, 0, 0]},
			"faces": {
				"north": {"uv": [3, 12, 2, 13], "rotation": 90, "texture": "#2"},
				"east": {"uv": [2, 15, 3, 12], "rotation": 270, "texture": "#2"},
				"south": {"uv": [2, 14, 3, 15], "rotation": 270, "texture": "#2"},
				"west": {"uv": [2, 12, 3, 15], "rotation": 270, "texture": "#2"},
				"up": {"uv": [2, 12, 3, 15], "texture": "#2"},
				"down": {"uv": [2, 12, 3, 15], "rotation": 180, "texture": "#2"}
			}
		},
		{
			"name": "sword_15",
			"from": [15, 8, -4],
			"to": [16, 10, -3],
			"rotation": {"angle": 22.5, "axis": "x", "origin": [0, 0, 0]},
			"faces": {
				"north": {"uv": [9, 12, 7, 13], "rotation": 90, "texture": "#2"},
				"east": {"uv": [7, 13, 9, 12], "rotation": 270, "texture": "#2"},
				"south": {"uv": [7, 12, 9, 13], "rotation": 270, "texture": "#2"},
				"west": {"uv": [7, 12, 9, 13], "rotation": 270, "texture": "#2"},
				"up": {"uv": [8, 12, 9, 13], "texture": "#2"},
				"down": {"uv": [7, 12, 8, 13], "rotation": 180, "texture": "#2"}
			}
		},
		{
			"name": "sword_16",
			"from": [15, 2, -3],
			"to": [16, 3, 0],
			"rotation": {"angle": 22.5, "axis": "x", "origin": [0, 0, 0]},
			"faces": {
				"north": {"uv": [2, 13, 1, 14], "rotation": 90, "texture": "#2"},
				"east": {"uv": [1, 16, 2, 13], "rotation": 270, "texture": "#2"},
				"south": {"uv": [1, 15, 2, 16], "rotation": 270, "texture": "#2"},
				"west": {"uv": [1, 13, 2, 16], "rotation": 270, "texture": "#2"},
				"up": {"uv": [1, 13, 2, 16], "texture": "#2"},
				"down": {"uv": [1, 13, 2, 16], "rotation": 180, "texture": "#2"}
			}
		},
		{
			"name": "sword_17",
			"from": [15, 8, -3],
			"to": [16, 9, -2],
			"rotation": {"angle": 22.5, "axis": "x", "origin": [0, 0, 0]},
			"faces": {
				"north": {"uv": [8, 13, 7, 14], "rotation": 90, "texture": "#2"},
				"east": {"uv": [7, 14, 8, 13], "rotation": 270, "texture": "#2"},
				"south": {"uv": [7, 13, 8, 14], "rotation": 270, "texture": "#2"},
				"west": {"uv": [7, 13, 8, 14], "rotation": 270, "texture": "#2"},
				"up": {"uv": [7, 13, 8, 14], "texture": "#2"},
				"down": {"uv": [7, 13, 8, 14], "rotation": 180, "texture": "#2"}
			}
		},
		{
			"name": "sword_18",
			"from": [15, 1, -2],
			"to": [16, 2, 0],
			"rotation": {"angle": 22.5, "axis": "x", "origin": [0, 0, 0]},
			"faces": {
				"north": {"uv": [1, 14, 0, 15], "rotation": 90, "texture": "#2"},
				"east": {"uv": [0, 16, 1, 14], "rotation": 270, "texture": "#2"},
				"south": {"uv": [0, 15, 1, 16], "rotation": 270, "texture": "#2"},
				"west": {"uv": [0, 14, 1, 16], "rotation": 270, "texture": "#2"},
				"up": {"uv": [0, 14, 1, 16], "texture": "#2"},
				"down": {"uv": [0, 14, 1, 16], "rotation": 180, "texture": "#2"}
			}
		}
	],
	"display": {
		"head": {
			"translation": [-2, -31.25, 0],
			"scale": [1.66, 1.66, 1.66]
		},
		"fixed": {
			"rotation": [-90, 0, 0],
			"translation": [-2, 1.5, -46.5],
			"scale": [2.2, 2.2, 2.2]
		}
	},
	"groups": [
		{
			"name": "bone",
			"origin": [0, 24, 0],
			"color": 0,
			"children": [
				{
					"name": "head",
					"origin": [0, 24, 0],
					"color": 0,
					"children": [
						0,
						{
							"name": "headwear",
							"origin": [0, 24, 0],
							"color": 0,
							"children": [1]
						}
					]
				},
				{
					"name": "head",
					"origin": [0, 24, 0],
					"color": 0,
					"children": [
						2,
						{
							"name": "headwear",
							"origin": [0, 24, 0],
							"color": 0,
							"children": [3]
						}
					]
				},
				{
					"name": "body",
					"origin": [0, 24, 0],
					"color": 0,
					"children": [
						4,
						{
							"name": "jacket",
							"origin": [0, 24, 0],
							"color": 0,
							"children": [5]
						}
					]
				},
				{
					"name": "left_arm",
					"origin": [-5, 22, 0],
					"color": 0,
					"children": [
						6,
						{
							"name": "left_sleve",
							"origin": [-5, 22, 0],
							"color": 0,
							"children": [7]
						}
					]
				},
				{
					"name": "right_arm",
					"origin": [5, 22, 0],
					"color": 0,
					"children": [
						8,
						{
							"name": "right_sleve",
							"origin": [5, 22, 0],
							"color": 0,
							"children": [9]
						}
					]
				},
				{
					"name": "left_leg",
					"origin": [-2, 12, 0],
					"color": 0,
					"children": [
						10,
						{
							"name": "left_pants",
							"origin": [-2, 12, 0],
							"color": 0,
							"children": [11]
						}
					]
				},
				{
					"name": "right_leg",
					"origin": [2, 12, 0],
					"color": 0,
					"children": [
						12,
						{
							"name": "right_pants",
							"origin": [2, 12, 0],
							"color": 0,
							"children": [13]
						}
					]
				}
			]
		},
		{
			"name": "sword",
			"origin": [8, 8, 8],
			"color": 0,
			"children": [14, 15, 16, 17, 18, 19, 20, 21, 22, 23, 24, 25, 26, 27, 28, 29, 30, 31, 32]
		}
	]
}